{
  "package": {},
  "code": {
    "DetermineIntent.jinja2": {
      "name": "DetermineIntent.jinja2",
      "type": "prompt",
      "inputs": {
        "query": {
          "type": [
            "string"
          ],
          "allow_manual_entry": false,
          "is_multi_select": false,
          "input_type": "default",
          "value": "${inputs.query}",
          "id": "zvdlyoah"
        }
      },
      "source": "DetermineIntent.jinja2",
      "is_builtin": false,
      "enable_kwargs": false,
      "tool_state": "stable",
      "toolId": "DetermineIntent.jinja2"
    },
    "ExtractIntent.py": {
      "name": "ExtractIntent.py",
      "type": "python",
      "inputs": {
        "input": {
          "type": [
            "string"
          ],
          "allow_manual_entry": false,
          "is_multi_select": false,
          "value": "${DetermineIntent.output}"
        },
        "query": {
          "type": [
            "string"
          ],
          "allow_manual_entry": false,
          "is_multi_select": false,
          "value": "${inputs.query}"
        }
      },
      "source": "ExtractIntent.py",
      "function": "extract_intent",
      "is_builtin": false,
      "toolId": "ExtractIntent.py"
    },
    "RetrieveDocuments.py": {
      "name": "RetrieveDocuments.py",
      "type": "python",
      "inputs": {
        "vectorFields": {
          "type": [
            "string"
          ],
          "allow_manual_entry": false,
          "is_multi_select": false,
          "value": "titleVector, contentVector"
        },
        "embeddingModelConnection": {
          "type": [
            "AzureOpenAIConnection"
          ],
          "allow_manual_entry": false,
          "is_multi_select": false,
          "value": "Default_AzureOpenAI"
        },
        "embeddingModelName": {
          "type": [
            "string"
          ],
          "allow_manual_entry": false,
          "is_multi_select": false,
          "value": "text-embedding-ada-002"
        },
        "indexName": {
          "type": [
            "string"
          ],
          "allow_manual_entry": false,
          "is_multi_select": false,
          "value": "pubmedinfluenza"
        },
        "queries": {
          "type": [
            "string"
          ],
          "allow_manual_entry": false,
          "is_multi_select": false,
          "value": "${ExtractIntent.output.search_intents}"
        },
        "queryType": {
          "type": [
            "string"
          ],
          "allow_manual_entry": false,
          "is_multi_select": false,
          "value": "vectorSemanticHybrid"
        },
        "searchConnection": {
          "type": [
            "CognitiveSearchConnection"
          ],
          "allow_manual_entry": false,
          "is_multi_select": false,
          "value": "AzureAISearch"
        },
        "semanticConfiguration": {
          "type": [
            "string"
          ],
          "allow_manual_entry": false,
          "is_multi_select": false,
          "value": "my-semantic-config"
        },
        "topK": {
          "type": [
            "int"
          ],
          "allow_manual_entry": false,
          "is_multi_select": false,
          "value": "5"
        }
      },
      "source": "RetreiveDocuments.py",
      "function": "search",
      "is_builtin": false,
      "toolId": "RetrieveDocuments.py"
    },
    "FormatRetrievedDocuments.py": {
      "name": "FormatRetrievedDocuments.py",
      "type": "python",
      "inputs": {
        "docs": {
          "type": [
            "list"
          ],
          "value": "${RetrieveDocuments.output}"
        },
        "maxTokens": {
          "type": [
            "int"
          ],
          "value": "3500"
        }
      },
      "source": "FormatRetrievedDocuments.py",
      "function": "format_retrieved_documents",
      "is_builtin": false,
      "toolId": "FormatRetrievedDocuments.py"
    },
    "DetermineReply.jinja2": {
      "name": "DetermineReply.jinja2",
      "type": "prompt",
      "inputs": {
        "documentation": {
          "type": [
            "string"
          ],
          "allow_manual_entry": false,
          "is_multi_select": false,
          "input_type": "default",
          "value": "${FormatRetrievedDocuments.output}",
          "id": "zyxub754"
        },
        "user_query": {
          "type": [
            "string"
          ],
          "allow_manual_entry": false,
          "is_multi_select": false,
          "input_type": "default",
          "value": "${ExtractIntent.output.current_message_intent}",
          "id": "eezik4cw"
        }
      },
      "source": "DetermineReply.jinja2",
      "is_builtin": false,
      "enable_kwargs": false,
      "tool_state": "stable",
      "toolId": "DetermineReply.jinja2"
    },
    "FormatReply.py": {
      "name": "FormatReply.py",
      "type": "python",
      "inputs": {
        "reply": {
          "type": [
            "string"
          ],
          "allow_manual_entry": false,
          "is_multi_select": false,
          "input_type": "default",
          "value": "${DetermineReply.output}",
          "id": "8cweawwy"
        }
      },
      "source": "FormatReply.py",
      "function": "format_reply",
      "is_builtin": false,
      "enable_kwargs": false,
      "tool_state": "stable",
      "toolId": "FormatReply.py"
    }
  }
}