{
  "orientation": "Vertical",
  "nodeLayouts": {
    "inputs": {
      "x": 67.5,
      "y": 62,
      "index": -1
    },
    "outputs": {
      "x": 67,
      "y": 832,
      "index": -1
    },
    "DetermineIntent": {
      "x": 67.5,
      "y": 172,
      "index": 0
    },
    "ExtractIntent": {
      "x": 12,
      "y": 282,
      "index": 1
    },
    "RetrieveDocuments": {
      "x": 12,
      "y": 392,
      "index": 2
    },
    "FormatRetrievedDocuments": {
      "x": 12,
      "y": 502,
      "index": 3
    },
    "DetermineReply": {
      "x": 67,
      "y": 612,
      "index": 4
    },
    "FormatReply": {
      "x": 67,
      "y": 722,
      "index": 5
    }
  },
  "viewport": {
    "transformMatrix": [
      1,
      0,
      0,
      1,
      206.08856201171875,
      222.33334350585938
    ]
  }
}