{
  "orientation": "Vertical",
  "nodeLayouts": {
    "inputs": {
      "x": 279.33349609375,
      "y": 207.33331298828125,
      "index": -1
    },
    "outputs": {
      "x": 284.77783203125,
      "y": 370.77777099609375,
      "index": -1
    },
    "chat_completion": {
      "x": 202.77783203125,
      "y": 272.4444885253906,
      "height": 75,
      "index": 0
    }
  },
  "viewport": {
    "transformMatrix": [
      1,
      0,
      0,
      1,
      0.32373046875,
      -231.44448852539062
    ]
  }
}